it,00_0,01_0,10_0,11_0
100,2.35317e-05,4.49731e-09,4.49731e-09,2.30226e-05
101,2.34682e-05,3.25609e-07,3.25609e-07,2.3227e-05
102,2.35223e-05,8.62479e-08,8.62479e-08,2.33415e-05
103,2.35099e-05,5.19402e-08,5.19402e-08,2.32002e-05
104,2.33142e-05,2.3738e-07,2.3738e-07,2.33732e-05
105,2.35902e-05,-2.32931e-07,-2.32931e-07,2.32591e-05
106,2.33393e-05,1.38254e-07,1.38254e-07,2.30184e-05
107,2.34042e-05,2.18067e-07,2.18067e-07,2.32422e-05
108,2.33117e-05,-3.95101e-09,-3.95101e-09,2.30377e-05
109,2.34932e-05,4.66177e-07,4.66177e-07,2.31722e-05
110,2.36866e-05,6.81689e-08,6.81689e-08,2.34105e-05
111,2.36489e-05,1.14244e-07,1.14244e-07,2.31141e-05
112,2.40993e-05,-2.20279e-07,-2.20279e-07,2.31524e-05
113,2.30575e-05,-7.24324e-09,-7.24324e-09,2.32506e-05
114,2.34116e-05,-2.33519e-08,-2.33519e-08,2.31826e-05
115,2.35784e-05,6.8093e-08,6.8093e-08,2.36105e-05
116,2.30302e-05,1.89418e-07,1.89418e-07,2.34872e-05
117,2.33931e-05,3.19154e-07,3.19154e-07,2.32328e-05
118,2.37914e-05,-2.20909e-07,-2.20909e-07,2.30732e-05
119,2.37125e-05,2.0962e-07,2.0962e-07,2.2981e-05
120,2.37579e-05,1.99626e-07,1.99626e-07,2.28844e-05
121,2.33964e-05,-6.3359e-08,-6.3359e-08,2.30794e-05
122,2.31773e-05,1.68121e-07,1.68121e-07,2.3348e-05
123,2.30849e-05,2.53344e-09,2.53344e-09,2.34511e-05
124,2.34484e-05,1.55029e-07,1.55029e-07,2.31074e-05
125,2.32215e-05,1.01442e-07,1.01442e-07,2.32013e-05
126,2.31718e-05,1.06389e-07,1.06389e-07,2.35013e-05
127,2.34506e-05,-1.10224e-07,-1.10224e-07,2.28034e-05
128,2.3511e-05,-6.78851e-08,-6.78851e-08,2.35244e-05
129,2.36213e-05,-3.79634e-07,-3.79634e-07,2.31946e-05
130,2.34432e-05,-2.98935e-07,-2.98935e-07,2.32888e-05
131,2.34596e-05,-1.45589e-07,-1.45589e-07,2.35313e-05
132,2.35398e-05,1.89312e-07,1.89312e-07,2.3129e-05
133,2.31381e-05,8.48974e-08,8.48974e-08,2.2921e-05
134,2.31668e-05,-1.46707e-07,-1.46707e-07,2.31073e-05
135,2.34122e-05,-7.17631e-08,-7.17631e-08,2.35682e-05
136,2.33326e-05,1.6804e-07,1.6804e-07,2.27234e-05
137,2.3633e-05,-2.72836e-07,-2.72836e-07,2.34702e-05
138,2.32687e-05,7.52855e-08,7.52855e-08,2.29045e-05
139,2.35869e-05,8.03895e-08,8.03895e-08,2.35639e-05
140,2.33561e-05,-2.59493e-07,-2.59493e-07,2.2916e-05
141,2.3769e-05,-1.04185e-07,-1.04185e-07,2.29247e-05
142,2.34395e-05,-1.38299e-07,-1.38299e-07,2.31703e-05
143,2.35746e-05,-2.48485e-07,-2.48485e-07,2.28518e-05
144,2.37278e-05,-8.98295e-08,-8.98295e-08,2.29575e-05
145,2.3246e-05,1.10103e-07,1.10103e-07,2.33727e-05
146,2.36172e-05,-1.92985e-07,-1.92985e-07,2.34178e-05
147,2.35461e-05,-4.84217e-08,-4.84217e-08,2.3301e-05
148,2.31155e-05,-1.80784e-07,-1.80784e-07,2.35961e-05
149,2.34742e-05,-8.74376e-08,-8.74376e-08,2.34386e-05
150,2.34465e-05,-6.13979e-08,-6.13979e-08,2.31733e-05
151,2.33181e-05,-4.21703e-07,-4.21703e-07,2.29426e-05
152,2.28518e-05,-2.41817e-07,-2.41817e-07,2.30875e-05
153,2.36349e-05,-7.73068e-08,-7.73068e-08,2.31293e-05
154,2.33156e-05,-8.37673e-08,-8.37673e-08,2.36805e-05
155,2.33219e-05,-1.53803e-07,-1.53803e-07,2.3215e-05
156,2.33376e-05,3.57421e-08,3.57421e-08,2.3286e-05
157,2.35786e-05,-2.58509e-07,-2.58509e-07,2.33213e-05
158,2.36787e-05,1.55272e-07,1.55272e-07,2.26212e-05
159,2.34733e-05,-3.34432e-07,-3.34432e-07,2.30387e-05
160,2.32411e-05,-3.27808e-07,-3.27808e-07,2.31328e-05
161,2.37548e-05,-1.58819e-07,-1.58819e-07,2.32838e-05
162,2.35759e-05,-2.8114e-07,-2.8114e-07,2.29821e-05
163,2.32821e-05,-2.2674e-07,-2.2674e-07,2.27266e-05
164,2.28189e-05,1.39106e-07,1.39106e-07,2.32636e-05
165,2.36764e-05,-3.06424e-07,-3.06424e-07,2.26864e-05
166,2.3229e-05,-2.41834e-07,-2.41834e-07,2.34471e-05
167,2.36423e-05,-2.39176e-07,-2.39176e-07,2.29686e-05
168,2.3605e-05,3.55858e-08,3.55858e-08,2.31384e-05
169,2.31803e-05,-3.22837e-07,-3.22837e-07,2.28796e-05
170,2.37608e-05,-3.35238e-07,-3.35238e-07,2.30871e-05
171,2.34745e-05,-2.29468e-07,-2.29468e-07,2.29147e-05
172,2.34625e-05,-2.41024e-07,-2.41024e-07,2.27704e-05
173,2.33855e-05,-2.10426e-07,-2.10426e-07,2.28228e-05
174,2.36151e-05,-2.50959e-07,-2.50959e-07,2.30313e-05
175,2.34916e-05,-2.89925e-07,-2.89925e-07,2.31802e-05
176,2.34717e-05,-1.39265e-07,-1.39265e-07,2.32141e-05
177,2.37535e-05,-1.69473e-07,-1.69473e-07,2.34045e-05
178,2.36426e-05,-6.13865e-07,-6.13865e-07,2.34463e-05
179,2.36297e-05,-3.95508e-07,-3.95508e-07,2.28e-05
180,2.36052e-05,-1.441e-07,-1.441e-07,2.24927e-05
181,2.35592e-05,-3.02922e-07,-3.02922e-07,2.29125e-05
182,2.3365e-05,-3.2011e-07,-3.2011e-07,2.30137e-05
183,2.35711e-05,-3.25076e-07,-3.25076e-07,2.28947e-05
184,2.35755e-05,-6.40441e-07,-6.40441e-07,2.30624e-05
185,2.3529e-05,-3.00085e-07,-3.00085e-07,2.31451e-05
186,2.34474e-05,-3.74087e-07,-3.74087e-07,2.28649e-05
187,2.39286e-05,-4.55552e-07,-4.55552e-07,2.27917e-05
188,2.34532e-05,-4.12429e-07,-4.12429e-07,2.26958e-05
189,2.33702e-05,-1.07622e-07,-1.07622e-07,2.2906e-05
190,2.35963e-05,-3.1196e-07,-3.1196e-07,2.28893e-05
191,2.36515e-05,-5.63514e-07,-5.63514e-07,2.25572e-05
192,2.31358e-05,-3.73409e-07,-3.73409e-07,2.34856e-05
193,2.3215e-05,-6.3408e-07,-6.3408e-07,2.30585e-05
194,2.39547e-05,-5.164e-07,-5.164e-07,2.29767e-05
195,2.37499e-05,-3.90291e-07,-3.90291e-07,2.29167e-05
196,2.3041e-05,-2.17313e-07,-2.17313e-07,2.26259e-05
197,2.33376e-05,-3.98173e-07,-3.98173e-07,2.28283e-05
198,2.35146e-05,-3.69314e-07,-3.69314e-07,2.30005e-05
199,2.33052e-05,-4.06133e-07,-4.06133e-07,2.29454e-05
200,2.32351e-05,-3.0088e-07,-3.0088e-07,2.25415e-05
201,2.36181e-05,-6.32077e-07,-6.32077e-07,2.27813e-05
202,2.32122e-05,-3.79578e-07,-3.79578e-07,2.29393e-05
203,2.32455e-05,-3.57849e-07,-3.57849e-07,2.35932e-05
204,2.31105e-05,-6.00577e-07,-6.00577e-07,2.26366e-05
205,2.34618e-05,-5.27925e-07,-5.27925e-07,2.29014e-05
206,2.30963e-05,-2.96486e-07,-2.96486e-07,2.3108e-05
207,2.29871e-05,-5.6448e-07,-5.6448e-07,2.30085e-05
208,2.28502e-05,-6.34362e-07,-6.34362e-07,2.26266e-05
209,2.34736e-05,-5.59021e-07,-5.59021e-07,2.28553e-05
210,2.33482e-05,-5.81807e-07,-5.81807e-07,2.27025e-05
211,2.35362e-05,-5.71202e-07,-5.71202e-07,2.2893e-05
212,2.35043e-05,-6.49463e-07,-6.49463e-07,2.26332e-05
213,2.38662e-05,-9.50799e-07,-9.50799e-07,2.25224e-05
214,2.31697e-05,-5.14002e-07,-5.14002e-07,2.27736e-05
215,2.37328e-05,-4.06651e-07,-4.06651e-07,2.28273e-05
216,2.33405e-05,-3.82378e-07,-3.82378e-07,2.2626e-05
217,2.39677e-05,-6.30205e-07,-6.30205e-07,2.2985e-05
218,2.31501e-05,-4.2248e-07,-4.2248e-07,2.25404e-05
219,2.31936e-05,-6.44581e-07,-6.44581e-07,2.26549e-05
220,2.35389e-05,-6.25945e-07,-6.25945e-07,2.26943e-05
221,2.34821e-05,-5.33333e-07,-5.33333e-07,2.26495e-05
222,2.33135e-05,-6.7976e-07,-6.7976e-07,2.32394e-05
223,2.33927e-05,-5.96475e-07,-5.96475e-07,2.26028e-05
224,2.30902e-05,-6.35718e-07,-6.35718e-07,2.28211e-05
225,2.32803e-05,-8.11845e-07,-8.11845e-07,2.26088e-05
226,2.31309e-05,-6.78845e-07,-6.78845e-07,2.31478e-05
227,2.30661e-05,-6.63895e-07,-6.63895e-07,2.24472e-05
228,2.31509e-05,-1.003e-06,-1.003e-06,2.26964e-05
229,2.34596e-05,-8.20318e-07,-8.20318e-07,2.23776e-05
230,2.31525e-05,-7.1585e-07,-7.1585e-07,2.24595e-05
231,2.34646e-05,-4.69212e-07,-4.69212e-07,2.30341e-05
232,2.31889e-05,-5.62204e-07,-5.62204e-07,2.26892e-05
233,2.33451e-05,-9.2286e-07,-9.2286e-07,2.25627e-05
234,2.33628e-05,-4.39791e-07,-4.39791e-07,2.28619e-05
235,2.35918e-05,-9.42639e-07,-9.42639e-07,2.24402e-05
236,2.33747e-05,-6.20546e-07,-6.20546e-07,2.27945e-05
237,2.32505e-05,-1.13081e-06,-1.13081e-06,2.23891e-05
238,2.36816e-05,-8.79338e-07,-8.79338e-07,2.26456e-05
239,2.32021e-05,-5.09687e-07,-5.09687e-07,2.27195e-05
240,2.32871e-05,-5.63482e-07,-5.63482e-07,2.24306e-05
241,2.41228e-05,-9.85945e-07,-9.85945e-07,2.26843e-05
242,2.30665e-05,-9.06677e-07,-9.06677e-07,2.26521e-05
243,2.32457e-05,-7.71194e-07,-7.71194e-07,2.26172e-05
244,2.29442e-05,-7.27046e-07,-7.27046e-07,2.24656e-05
245,2.32243e-05,-7.66445e-07,-7.66445e-07,2.26303e-05
246,2.31391e-05,-8.12597e-07,-8.12597e-07,2.26556e-05
247,2.32203e-05,-9.39549e-07,-9.39549e-07,2.29306e-05
248,2.28385e-05,-9.2e-07,-9.2e-07,2.27798e-05
249,2.39759e-05,-6.08904e-07,-6.08904e-07,2.28377e-05
250,2.31344e-05,-7.17802e-07,-7.17802e-07,2.25784e-05
251,2.32282e-05,-1.01546e-06,-1.01546e-06,2.25931e-05
252,2.33613e-05,-7.99004e-07,-7.99004e-07,2.25707e-05
253,2.33442e-05,-1.21689e-06,-1.21689e-06,2.31936e-05
254,2.34276e-05,-9.56789e-07,-9.56789e-07,2.22996e-05
255,2.32035e-05,-1.02791e-06,-1.02791e-06,2.26301e-05
256,2.39164e-05,-9.46971e-07,-9.46971e-07,2.25029e-05
257,2.32919e-05,-9.18527e-07,-9.18527e-07,2.22846e-05
258,2.35174e-05,-7.83963e-07,-7.83963e-07,2.26564e-05
259,2.30338e-05,-9.24811e-07,-9.24811e-07,2.25583e-05
260,2.30299e-05,-1.15516e-06,-1.15516e-06,2.2807e-05
261,2.31048e-05,-8.12091e-07,-8.12091e-07,2.24099e-05
262,2.32498e-05,-1.04198e-06,-1.04198e-06,2.27944e-05
263,2.36841e-05,-8.70183e-07,-8.70183e-07,2.26352e-05
264,2.32225e-05,-9.59752e-07,-9.59752e-07,2.25211e-05
265,2.34294e-05,-1.04818e-06,-1.04818e-06,2.22694e-05
266,2.38142e-05,-9.58215e-07,-9.58215e-07,2.24296e-05
267,2.3547e-05,-1.17401e-06,-1.17401e-06,2.27278e-05
268,2.3817e-05,-1.23704e-06,-1.23704e-06,2.25045e-05
269,2.30168e-05,-1.09634e-06,-1.09634e-06,2.22398e-05
270,2.30328e-05,-7.16485e-07,-7.16485e-07,2.18688e-05
271,2.31472e-05,-1.0493e-06,-1.0493e-06,2.24999e-05
272,2.31677e-05,-1.08295e-06,-1.08295e-06,2.25391e-05
273,2.3019e-05,-1.22281e-06,-1.22281e-06,2.26448e-05
274,2.31588e-05,-8.32302e-07,-8.32302e-07,2.22872e-05
275,2.32738e-05,-1.03724e-06,-1.03724e-06,2.22595e-05
276,2.3833e-05,-1.34326e-06,-1.34326e-06,2.19879e-05
277,2.34986e-05,-1.1443e-06,-1.1443e-06,2.24962e-05
278,2.33135e-05,-8.60138e-07,-8.60138e-07,2.21854e-05
279,2.3096e-05,-1.4466e-06,-1.4466e-06,2.23581e-05
280,2.34346e-05,-1.25047e-06,-1.25047e-06,2.22858e-05
281,2.35233e-05,-1.2542e-06,-1.2542e-06,2.2394e-05
282,2.3112e-05,-1.14149e-06,-1.14149e-06,2.24349e-05
283,2.31401e-05,-1.07582e-06,-1.07582e-06,2.20585e-05
284,2.36935e-05,-1.31609e-06,-1.31609e-06,2.2374e-05
285,2.3192e-05,-1.2062e-06,-1.2062e-06,2.25617e-05
286,2.30789e-05,-1.06726e-06,-1.06726e-06,2.25739e-05
287,2.34162e-05,-1.32087e-06,-1.32087e-06,2.21467e-05
288,2.29182e-05,-1.17495e-06,-1.17495e-06,2.2313e-05
289,2.35637e-05,-1.10719e-06,-1.10719e-06,2.22206e-05
290,2.30504e-05,-1.22927e-06,-1.22927e-06,2.21069e-05
291,2.30138e-05,-1.31779e-06,-1.31779e-06,2.21845e-05
292,2.37724e-05,-6.85686e-07,-6.85686e-07,2.26174e-05
293,2.30966e-05,-1.12718e-06,-1.12718e-06,2.20281e-05
294,2.26657e-05,-1.05561e-06,-1.05561e-06,2.20508e-05
295,2.31951e-05,-1.44515e-06,-1.44515e-06,2.20008e-05
296,2.26626e-05,-1.46532e-06,-1.46532e-06,2.25642e-05
297,2.31459e-05,-1.05622e-06,-1.05622e-06,2.21476e-05
298,2.31457e-05,-1.44474e-06,-1.44474e-06,2.23842e-05
299,2.3138e-05,-1.20683e-06,-1.20683e-06,2.24142e-05
300,2.33206e-05,-1.46024e-06,-1.46024e-06,2.2017e-05
301,2.30461e-05,-1.6327e-06,-1.6327e-06,2.21967e-05
302,2.32552e-05,-1.23291e-06,-1.23291e-06,2.19994e-05
303,2.37927e-05,-1.40612e-06,-1.40612e-06,2.17091e-05
304,2.34845e-05,-1.61577e-06,-1.61577e-06,2.2458e-05
305,2.29747e-05,-1.51138e-06,-1.51138e-06,2.18819e-05
306,2.32925e-05,-1.16114e-06,-1.16114e-06,2.23943e-05
307,2.343e-05,-1.1913e-06,-1.1913e-06,2.21168e-05
308,2.33745e-05,-1.57401e-06,-1.57401e-06,2.21983e-05
309,2.26999e-05,-1.51713e-06,-1.51713e-06,2.19555e-05
310,2.30978e-05,-1.35998e-06,-1.35998e-06,2.16181e-05
311,2.3408e-05,-1.37382e-06,-1.37382e-06,2.19984e-05
312,2.31413e-05,-1.50038e-06,-1.50038e-06,2.20224e-05
313,2.31029e-05,-1.5013e-06,-1.5013e-06,2.16126e-05
314,2.31615e-05,-1.32065e-06,-1.32065e-06,2.18185e-05
315,2.30321e-05,-1.29774e-06,-1.29774e-06,2.25384e-05
316,2.32095e-05,-1.58361e-06,-1.58361e-06,2.19755e-05
317,2.28265e-05,-1.63329e-06,-1.63329e-06,2.20015e-05
318,2.31807e-05,-1.64065e-06,-1.64065e-06,2.2353e-05
319,2.32051e-05,-1.2327e-06,-1.2327e-06,2.18844e-05
320,2.30386e-05,-1.50529e-06,-1.50529e-06,2.22593e-05
321,2.2975e-05,-1.55603e-06,-1.55603e-06,2.18084e-05
322,2.31992e-05,-1.62253e-06,-1.62253e-06,2.21507e-05
323,2.32396e-05,-1.87206e-06,-1.87206e-06,2.20602e-05
324,2.30127e-05,-1.42342e-06,-1.42342e-06,2.17466e-05
325,2.23632e-05,-1.29403e-06,-1.29403e-06,2.19148e-05
326,2.3219e-05,-1.22841e-06,-1.22841e-06,2.1705e-05
327,2.34432e-05,-1.63093e-06,-1.63093e-06,2.17936e-05
328,2.29749e-05,-1.55156e-06,-1.55156e-06,2.19051e-05
329,2.28198e-05,-1.54824e-06,-1.54824e-06,2.18905e-05
330,2.27673e-05,-1.82444e-06,-1.82444e-06,2.17757e-05
331,2.28318e-05,-1.6437e-06,-1.6437e-06,2.22191e-05
332,2.26222e-05,-1.64115e-06,-1.64115e-06,2.21464e-05
333,2.29658e-05,-1.51389e-06,-1.51389e-06,2.16072e-05
334,2.29568e-05,-1.8721e-06,-1.8721e-06,2.18436e-05
335,2.28808e-05,-1.80307e-06,-1.80307e-06,2.19546e-05
336,2.32405e-05,-1.64206e-06,-1.64206e-06,2.18326e-05
337,2.33771e-05,-1.73345e-06,-1.73345e-06,2.18566e-05
338,2.29556e-05,-1.78517e-06,-1.78517e-06,2.17724e-05
339,2.27923e-05,-1.47423e-06,-1.47423e-06,2.21089e-05
340,2.34119e-05,-1.82882e-06,-1.82882e-06,2.14719e-05
341,2.31809e-05,-2.03419e-06,-2.03419e-06,2.22023e-05
342,2.33738e-05,-1.95325e-06,-1.95325e-06,2.16175e-05
343,2.26281e-05,-1.62046e-06,-1.62046e-06,2.17872e-05
344,2.30179e-05,-1.56622e-06,-1.56622e-06,2.16628e-05
345,2.32618e-05,-1.619e-06,-1.619e-06,2.18562e-05
346,2.28572e-05,-1.74609e-06,-1.74609e-06,2.1734e-05
347,2.31188e-05,-1.66073e-06,-1.66073e-06,2.21153e-05
348,2.32938e-05,-1.53945e-06,-1.53945e-06,2.15886e-05
349,2.29796e-05,-1.5872e-06,-1.5872e-06,2.19179e-05
350,2.27754e-05,-1.86009e-06,-1.86009e-06,2.20121e-05
351,2.34539e-05,-1.5933e-06,-1.5933e-06,2.14751e-05
352,2.28977e-05,-1.95871e-06,-1.95871e-06,2.17119e-05
353,2.32105e-05,-1.8333e-06,-1.8333e-06,2.18115e-05
354,2.29634e-05,-2.0428e-06,-2.0428e-06,2.13561e-05
355,2.293e-05,-1.8134e-06,-1.8134e-06,2.17405e-05
356,2.2768e-05,-1.7673e-06,-1.7673e-06,2.18954e-05
357,2.27734e-05,-1.89966e-06,-1.89966e-06,2.1586e-05
358,2.29488e-05,-1.79086e-06,-1.79086e-06,2.16526e-05
359,2.30692e-05,-2.09278e-06,-2.09278e-06,2.20394e-05
360,2.22859e-05,-1.87273e-06,-1.87273e-06,2.15927e-05
361,2.29924e-05,-2.28709e-06,-2.28709e-06,2.20623e-05
362,2.33081e-05,-1.87868e-06,-1.87868e-06,2.19679e-05
363,2.29722e-05,-1.8768e-06,-1.8768e-06,2.13995e-05
364,2.30705e-05,-2.05565e-06,-2.05565e-06,2.17382e-05
365,2.28413e-05,-2.1487e-06,-2.1487e-06,2.17712e-05
366,2.31194e-05,-1.88868e-06,-1.88868e-06,2.14418e-05
367,2.30875e-05,-2.09917e-06,-2.09917e-06,2.19232e-05
368,2.26967e-05,-1.93272e-06,-1.93272e-06,2.15121e-05
369,2.26612e-05,-1.84888e-06,-1.84888e-06,2.20303e-05
370,2.32315e-05,-1.99282e-06,-1.99282e-06,2.16285e-05
371,2.32113e-05,-1.93365e-06,-1.93365e-06,2.16053e-05
372,2.31369e-05,-2.0839e-06,-2.0839e-06,2.11003e-05
373,2.29515e-05,-2.173e-06,-2.173e-06,2.15796e-05
374,2.3037e-05,-2.35188e-06,-2.35188e-06,2.15886e-05
375,2.30666e-05,-2.02919e-06,-2.02919e-06,2.1228e-05
376,2.28628e-05,-1.90008e-06,-1.90008e-06,2.14397e-05
377,2.34083e-05,-2.32606e-06,-2.32606e-06,2.163e-05
378,2.2767e-05,-2.19645e-06,-2.19645e-06,2.13695e-05
379,2.27677e-05,-2.11373e-06,-2.11373e-06,2.15985e-05
380,2.27131e-05,-1.70353e-06,-1.70353e-06,2.15846e-05
381,2.29142e-05,-2.33525e-06,-2.33525e-06,2.13834e-05
382,2.311e-05,-2.24195e-06,-2.24195e-06,2.18115e-05
383,2.31479e-05,-2.28858e-06,-2.28858e-06,2.18334e-05
384,2.27225e-05,-2.37278e-06,-2.37278e-06,2.18677e-05
385,2.33198e-05,-2.06208e-06,-2.06208e-06,2.14982e-05
386,2.26962e-05,-1.82276e-06,-1.82276e-06,2.17731e-05
387,2.2871e-05,-1.88452e-06,-1.88452e-06,2.11731e-05
388,2.30052e-05,-2.04587e-06,-2.04587e-06,2.15725e-05
389,2.28856e-05,-2.3336e-06,-2.3336e-06,2.12513e-05
390,2.34547e-05,-2.30157e-06,-2.30157e-06,2.14232e-05
391,2.28503e-05,-2.15784e-06,-2.15784e-06,2.14107e-05
392,2.27341e-05,-1.9364e-06,-1.9364e-06,2.14499e-05
393,2.29434e-05,-2.102e-06,-2.102e-06,2.1135e-05
394,2.32145e-05,-2.50676e-06,-2.50676e-06,2.17502e-05
395,2.30329e-05,-2.2791e-06,-2.2791e-06,2.10063e-05
396,2.29047e-05,-2.04977e-06,-2.04977e-06,2.14823e-05
397,2.27446e-05,-2.30221e-06,-2.30221e-06,2.14785e-05
398,2.28155e-05,-2.18182e-06,-2.18182e-06,2.10496e-05
399,2.31526e-05,-2.24507e-06,-2.24507e-06,2.1338e-05
400,2.27576e-05,-2.12842e-06,-2.12842e-06,2.12849e-05
401,2.25605e-05,-2.2112e-06,-2.2112e-06,2.10875e-05
402,2.2917e-05,-2.41229e-06,-2.41229e-06,2.10824e-05
403,2.2546e-05,-2.30334e-06,-2.30334e-06,2.11328e-05
404,2.27e-05,-2.52386e-06,-2.52386e-06,2.13266e-05
405,2.23188e-05,-1.88462e-06,-1.88462e-06,2.09119e-05
406,2.28276e-05,-2.3076e-06,-2.3076e-06,2.09363e-05
407,2.30278e-05,-2.37406e-06,-2.37406e-06,2.09689e-05
408,2.26826e-05,-2.3145e-06,-2.3145e-06,2.10719e-05
409,2.26373e-05,-2.45624e-06,-2.45624e-06,2.15821e-05
410,2.27928e-05,-2.07856e-06,-2.07856e-06,2.12649e-05
411,2.29547e-05,-2.3841e-06,-2.3841e-06,2.1444e-05
412,2.23847e-05,-2.7145e-06,-2.7145e-06,2.11296e-05
413,2.26896e-05,-2.41309e-06,-2.41309e-06,2.09832e-05
414,2.29576e-05,-2.34845e-06,-2.34845e-06,2.1031e-05
415,2.25479e-05,-2.16605e-06,-2.16605e-06,2.09472e-05
416,2.2617e-05,-2.07877e-06,-2.07877e-06,2.10507e-05
417,2.25573e-05,-2.39152e-06,-2.39152e-06,2.12571e-05
418,2.29836e-05,-2.23958e-06,-2.23958e-06,2.09412e-05
419,2.24122e-05,-2.41507e-06,-2.41507e-06,2.1065e-05
420,2.32024e-05,-2.53614e-06,-2.53614e-06,2.11209e-05
421,2.27141e-05,-2.45042e-06,-2.45042e-06,2.10057e-05
422,2.28793e-05,-2.48065e-06,-2.48065e-06,2.07976e-05
423,2.26494e-05,-2.42656e-06,-2.42656e-06,2.12111e-05
424,2.25438e-05,-2.27117e-06,-2.27117e-06,2.08085e-05
425,2.26892e-05,-2.46634e-06,-2.46634e-06,2.11834e-05
426,2.29709e-05,-2.51153e-06,-2.51153e-06,2.11881e-05
427,2.25858e-05,-2.61982e-06,-2.61982e-06,2.12285e-05
428,2.26236e-05,-2.47932e-06,-2.47932e-06,2.08026e-05
429,2.26256e-05,-2.33286e-06,-2.33286e-06,2.09383e-05
430,2.31315e-05,-2.51437e-06,-2.51437e-06,2.1142e-05
431,2.27642e-05,-2.57629e-06,-2.57629e-06,2.09408e-05
432,2.28437e-05,-2.56095e-06,-2.56095e-06,2.11773e-05
433,2.29273e-05,-2.38981e-06,-2.38981e-06,2.11305e-05
434,2.27057e-05,-2.57254e-06,-2.57254e-06,2.14775e-05
435,2.27547e-05,-2.5176e-06,-2.5176e-06,2.10103e-05
436,2.27162e-05,-2.39033e-06,-2.39033e-06,2.09635e-05
437,2.28349e-05,-2.42247e-06,-2.42247e-06,2.09027e-05
438,2.25823e-05,-2.66728e-06,-2.66728e-06,2.07784e-05
439,2.27541e-05,-2.432e-06,-2.432e-06,2.0854e-05
440,2.28775e-05,-2.53699e-06,-2.53699e-06,2.10017e-05
441,2.28591e-05,-2.67203e-06,-2.67203e-06,2.10798e-05
442,2.3059e-05,-2.55657e-06,-2.55657e-06,2.11853e-05
443,2.30133e-05,-2.90791e-06,-2.90791e-06,2.08872e-05
444,2.26766e-05,-3.07764e-06,-3.07764e-06,2.12161e-05
445,2.27815e-05,-2.6494e-06,-2.6494e-06,2.07147e-05
446,2.27734e-05,-2.84639e-06,-2.84639e-06,2.09755e-05
447,2.24522e-05,-3.01852e-06,-3.01852e-06,2.09381e-05
448,2.2555e-05,-2.70175e-06,-2.70175e-06,2.10664e-05
449,2.2397e-05,-2.49578e-06,-2.49578e-06,2.09583e-05
450,2.24665e-05,-3.0642e-06,-3.0642e-06,2.14866e-05
451,2.27773e-05,-2.7253e-06,-2.7253e-06,2.09095e-05
452,2.30635e-05,-2.68174e-06,-2.68174e-06,2.03612e-05
453,2.27137e-05,-2.88234e-06,-2.88234e-06,2.07963e-05
454,2.30405e-05,-2.54433e-06,-2.54433e-06,2.0863e-05
455,2.25746e-05,-2.77557e-06,-2.77557e-06,2.10233e-05
456,2.25348e-05,-2.67565e-06,-2.67565e-06,2.10668e-05
457,2.3044e-05,-2.85589e-06,-2.85589e-06,2.05349e-05
458,2.22056e-05,-2.61338e-06,-2.61338e-06,2.07309e-05
459,2.23766e-05,-2.57429e-06,-2.57429e-06,2.06546e-05
460,2.2787e-05,-2.86448e-06,-2.86448e-06,2.12173e-05
461,2.26319e-05,-2.97795e-06,-2.97795e-06,2.07912e-05
462,2.24465e-05,-2.76852e-06,-2.76852e-06,2.05707e-05
463,2.25012e-05,-2.69097e-06,-2.69097e-06,2.05433e-05
464,2.24541e-05,-2.86954e-06,-2.86954e-06,2.06494e-05
465,2.20856e-05,-2.82301e-06,-2.82301e-06,2.07718e-05
466,2.26016e-05,-3.07978e-06,-3.07978e-06,2.08227e-05
467,2.2104e-05,-2.41188e-06,-2.41188e-06,2.06821e-05
468,2.22868e-05,-2.72352e-06,-2.72352e-06,2.08711e-05
469,2.28168e-05,-2.76369e-06,-2.76369e-06,2.05817e-05
470,2.29748e-05,-2.90225e-06,-2.90225e-06,2.04145e-05
471,2.25027e-05,-3.05953e-06,-3.05953e-06,2.09546e-05
472,2.26646e-05,-2.86779e-06,-2.86779e-06,2.09218e-05
473,2.29587e-05,-3.09585e-06,-3.09585e-06,2.05575e-05
474,2.26664e-05,-2.67637e-06,-2.67637e-06,2.04355e-05
475,2.26134e-05,-2.91646e-06,-2.91646e-06,2.05576e-05
476,2.24197e-05,-2.74289e-06,-2.74289e-06,2.04925e-05
477,2.26459e-05,-3.10181e-06,-3.10181e-06,2.07127e-05
478,2.23116e-05,-2.82769e-06,-2.82769e-06,2.0486e-05
479,2.29381e-05,-3.34871e-06,-3.34871e-06,2.07597e-05
480,2.22224e-05,-2.85836e-06,-2.85836e-06,2.07124e-05
481,2.24367e-05,-3.26517e-06,-3.26517e-06,2.09147e-05
482,2.24452e-05,-2.96779e-06,-2.96779e-06,2.04654e-05
483,2.26859e-05,-2.98008e-06,-2.98008e-06,2.05928e-05
484,2.27363e-05,-2.95769e-06,-2.95769e-06,2.07968e-05
485,2.2371e-05,-3.01696e-06,-3.01696e-06,2.06902e-05
486,2.24721e-05,-3.2413e-06,-3.2413e-06,2.05709e-05
487,2.20367e-05,-2.66983e-06,-2.66983e-06,2.037e-05
488,2.25584e-05,-3.07003e-06,-3.07003e-06,2.02931e-05
489,2.244e-05,-3.17331e-06,-3.17331e-06,2.02525e-05
490,2.27271e-05,-3.21136e-06,-3.21136e-06,2.06391e-05
491,2.2611e-05,-2.99372e-06,-2.99372e-06,2.06176e-05
492,2.24541e-05,-3.10468e-06,-3.10468e-06,2.01527e-05
493,2.29475e-05,-3.29035e-06,-3.29035e-06,2.07262e-05
494,2.25448e-05,-2.85941e-06,-2.85941e-06,2.03542e-05
495,2.25096e-05,-2.99431e-06,-2.99431e-06,2.0414e-05
496,2.28797e-05,-3.4448e-06,-3.4448e-06,2.03017e-05
497,2.22267e-05,-2.92796e-06,-2.92796e-06,2.02022e-05
498,2.24858e-05,-3.0875e-06,-3.0875e-06,2.03931e-05
499,2.24765e-05,-3.17704e-06,-3.17704e-06,2.02754e-05
500,2.26058e-05,-2.92268e-06,-2.92268e-06,2.07044e-05
501,2.26113e-05,-3.3005e-06,-3.3005e-06,2.02629e-05
502,2.27952e-05,-3.25143e-06,-3.25143e-06,2.0167e-05
503,2.23422e-05,-3.35159e-06,-3.35159e-06,2.05179e-05
504,2.22082e-05,-3.16075e-06,-3.16075e-06,2.04672e-05
505,2.23769e-05,-3.18516e-06,-3.18516e-06,2.02262e-05
506,2.26735e-05,-3.06078e-06,-3.06078e-06,2.04431e-05
507,2.25771e-05,-3.64047e-06,-3.64047e-06,2.04693e-05
508,2.25878e-05,-2.86625e-06,-2.86625e-06,2.05021e-05
509,2.23006e-05,-3.46317e-06,-3.46317e-06,2.03843e-05
510,2.26913e-05,-3.33145e-06,-3.33145e-06,2.02332e-05
511,2.25076e-05,-3.47374e-06,-3.47374e-06,2.03268e-05
512,2.25154e-05,-3.18529e-06,-3.18529e-06,2.03208e-05
513,2.20634e-05,-3.44934e-06,-3.44934e-06,2.03486e-05
514,2.27578e-05,-3.2713e-06,-3.2713e-06,2.02946e-05
515,2.22659e-05,-3.52901e-06,-3.52901e-06,2.01812e-05
516,2.22336e-05,-3.16608e-06,-3.16608e-06,2.01689e-05
517,2.2329e-05,-3.29003e-06,-3.29003e-06,2.00725e-05
518,2.2188e-05,-3.42446e-06,-3.42446e-06,2.05901e-05
519,2.24703e-05,-3.29572e-06,-3.29572e-06,2.05078e-05
520,2.22627e-05,-3.38185e-06,-3.38185e-06,2.03451e-05
521,2.26869e-05,-3.27777e-06,-3.27777e-06,1.98104e-05
522,2.246e-05,-3.18118e-06,-3.18118e-06,2.02454e-05
523,2.26841e-05,-3.4504e-06,-3.4504e-06,2.02442e-05
524,2.3143e-05,-3.46189e-06,-3.46189e-06,2.01506e-05
525,2.19676e-05,-3.21301e-06,-3.21301e-06,2.0031e-05
526,2.21778e-05,-3.51247e-06,-3.51247e-06,2.02749e-05
527,2.19144e-05,-3.39905e-06,-3.39905e-06,2.0551e-05
528,2.23329e-05,-3.2612e-06,-3.2612e-06,2.0252e-05
529,2.2159e-05,-3.14696e-06,-3.14696e-06,1.9956e-05
530,2.21939e-05,-3.46732e-06,-3.46732e-06,2.00775e-05
531,2.26641e-05,-3.42094e-06,-3.42094e-06,2.01227e-05
532,2.22092e-05,-3.50394e-06,-3.50394e-06,2.02559e-05
533,2.25388e-05,-3.67448e-06,-3.67448e-06,2.02256e-05
534,2.22367e-05,-3.38368e-06,-3.38368e-06,2.02322e-05
535,2.21309e-05,-3.18107e-06,-3.18107e-06,1.99041e-05
536,2.24729e-05,-3.09054e-06,-3.09054e-06,2.02172e-05
537,2.22055e-05,-3.74346e-06,-3.74346e-06,2.0102e-05
538,2.21892e-05,-3.3805e-06,-3.3805e-06,2.0004e-05
539,2.22571e-05,-3.52091e-06,-3.52091e-06,2.00014e-05
540,2.25138e-05,-3.7832e-06,-3.7832e-06,2.02463e-05
541,2.22775e-05,-3.5439e-06,-3.5439e-06,2.03605e-05
542,2.21862e-05,-3.48496e-06,-3.48496e-06,2.00307e-05
543,2.23974e-05,-3.47787e-06,-3.47787e-06,2.01264e-05
544,2.24404e-05,-3.42959e-06,-3.42959e-06,2.02548e-05
545,2.28866e-05,-3.66913e-06,-3.66913e-06,1.98046e-05
546,2.22528e-05,-3.25233e-06,-3.25233e-06,2.03527e-05
547,2.27038e-05,-3.52568e-06,-3.52568e-06,2.00346e-05
548,2.26264e-05,-3.63141e-06,-3.63141e-06,2.01907e-05
549,2.24559e-05,-3.48997e-06,-3.48997e-06,2.01238e-05
550,2.24756e-05,-3.83408e-06,-3.83408e-06,2.01456e-05
551,2.21412e-05,-3.38216e-06,-3.38216e-06,2.02321e-05
552,2.20522e-05,-3.59605e-06,-3.59605e-06,1.99059e-05
553,2.26248e-05,-3.22475e-06,-3.22475e-06,1.97686e-05
554,2.22711e-05,-3.50178e-06,-3.50178e-06,1.99724e-05
555,2.21032e-05,-3.52123e-06,-3.52123e-06,2.02239e-05
556,2.24479e-05,-3.57874e-06,-3.57874e-06,2.0287e-05
557,2.23303e-05,-3.65619e-06,-3.65619e-06,1.98747e-05
558,2.26041e-05,-3.68551e-06,-3.68551e-06,1.98498e-05
559,2.24433e-05,-3.56608e-06,-3.56608e-06,1.96918e-05
560,2.21119e-05,-3.89277e-06,-3.89277e-06,1.9862e-05
561,2.20896e-05,-3.63067e-06,-3.63067e-06,1.99131e-05
562,2.24908e-05,-3.51314e-06,-3.51314e-06,2.03303e-05
563,2.22891e-05,-3.78161e-06,-3.78161e-06,2.00863e-05
564,2.20441e-05,-3.5717e-06,-3.5717e-06,1.97971e-05
565,2.25043e-05,-3.75465e-06,-3.75465e-06,2.02047e-05
566,2.26752e-05,-3.73026e-06,-3.73026e-06,2.00373e-05
567,2.28143e-05,-3.7602e-06,-3.7602e-06,1.99008e-05
568,2.23621e-05,-3.64437e-06,-3.64437e-06,1.99807e-05
569,2.20648e-05,-3.9352e-06,-3.9352e-06,2.00315e-05
570,2.22029e-05,-3.69842e-06,-3.69842e-06,2.0159e-05
571,2.23232e-05,-3.92637e-06,-3.92637e-06,2.00451e-05
572,2.27969e-05,-4.10277e-06,-4.10277e-06,2.00713e-05
573,2.25716e-05,-3.7589e-06,-3.7589e-06,1.96919e-05
574,2.20424e-05,-3.77136e-06,-3.77136e-06,1.98034e-05
575,2.24112e-05,-3.49949e-06,-3.49949e-06,1.96562e-05
576,2.2479e-05,-3.60153e-06,-3.60153e-06,1.97502e-05
577,2.21318e-05,-3.80846e-06,-3.80846e-06,1.98395e-05
578,2.20711e-05,-3.67456e-06,-3.67456e-06,1.98492e-05
579,2.15867e-05,-3.67428e-06,-3.67428e-06,1.95564e-05
580,2.23852e-05,-3.77005e-06,-3.77005e-06,1.95746e-05
581,2.24011e-05,-3.88754e-06,-3.88754e-06,1.95984e-05
582,2.23274e-05,-3.82936e-06,-3.82936e-06,1.98634e-05
583,2.27449e-05,-4.19658e-06,-4.19658e-06,2.00241e-05
584,2.2214e-05,-4.06741e-06,-4.06741e-06,1.99808e-05
585,2.25261e-05,-3.88403e-06,-3.88403e-06,1.97311e-05
586,2.21147e-05,-3.93308e-06,-3.93308e-06,1.98149e-05
587,2.21805e-05,-3.70481e-06,-3.70481e-06,1.97618e-05
588,2.20916e-05,-3.98037e-06,-3.98037e-06,1.94874e-05
589,2.19902e-05,-4.01488e-06,-4.01488e-06,1.98666e-05
590,2.26234e-05,-3.96946e-06,-3.96946e-06,1.98124e-05
591,2.25894e-05,-4.3714e-06,-4.3714e-06,1.98436e-05
592,2.23567e-05,-3.91439e-06,-3.91439e-06,1.96468e-05
593,2.22686e-05,-3.68232e-06,-3.68232e-06,1.96889e-05
594,2.24131e-05,-3.78922e-06,-3.78922e-06,1.96385e-05
595,2.21561e-05,-3.95394e-06,-3.95394e-06,1.99909e-05
596,2.23335e-05,-4.0673e-06,-4.0673e-06,1.98444e-05
597,2.20901e-05,-4.08528e-06,-4.08528e-06,1.96234e-05
598,2.22583e-05,-4.1696e-06,-4.1696e-06,1.95678e-05
599,2.22487e-05,-4.12428e-06,-4.12428e-06,1.92849e-05
600,2.22876e-05,-3.96221e-06,-3.96221e-06,1.9694e-05
601,2.2188e-05,-3.84471e-06,-3.84471e-06,1.97192e-05
602,2.23174e-05,-3.95726e-06,-3.95726e-06,1.97535e-05
603,2.18519e-05,-4.23299e-06,-4.23299e-06,1.95243e-05
604,2.22123e-05,-4.2688e-06,-4.2688e-06,2.00563e-05
605,2.17897e-05,-3.82859e-06,-3.82859e-06,1.9333e-05
606,2.2254e-05,-4.09547e-06,-4.09547e-06,1.96702e-05
607,2.17195e-05,-4.04428e-06,-4.04428e-06,1.95512e-05
608,2.20719e-05,-3.89232e-06,-3.89232e-06,1.94134e-05
609,2.2493e-05,-3.96009e-06,-3.96009e-06,1.92838e-05
610,2.21488e-05,-3.88028e-06,-3.88028e-06,1.95725e-05
611,2.23423e-05,-3.95956e-06,-3.95956e-06,1.96095e-05
612,2.24695e-05,-4.31744e-06,-4.31744e-06,1.9637e-05
613,2.18365e-05,-4.13275e-06,-4.13275e-06,1.97956e-05
614,2.21716e-05,-4.35011e-06,-4.35011e-06,1.97264e-05
615,2.19479e-05,-4.02096e-06,-4.02096e-06,1.96402e-05
616,2.21056e-05,-4.26985e-06,-4.26985e-06,1.95896e-05
617,2.22052e-05,-4.25108e-06,-4.25108e-06,1.94934e-05
618,2.22228e-05,-4.44256e-06,-4.44256e-06,1.99113e-05
619,2.21177e-05,-3.898e-06,-3.898e-06,1.91418e-05
620,2.15301e-05,-4.04257e-06,-4.04257e-06,1.94594e-05
621,2.21462e-05,-4.0011e-06,-4.0011e-06,1.92754e-05
622,2.18074e-05,-4.22656e-06,-4.22656e-06,1.96806e-05
623,2.25987e-05,-4.26523e-06,-4.26523e-06,1.93736e-05
624,2.19964e-05,-4.09001e-06,-4.09001e-06,1.95883e-05
625,2.21568e-05,-4.2284e-06,-4.2284e-06,1.93592e-05
626,2.20645e-05,-3.94005e-06,-3.94005e-06,1.95111e-05
627,2.22967e-05,-4.1398e-06,-4.1398e-06,1.92593e-05
628,2.21998e-05,-4.23572e-06,-4.23572e-06,1.92504e-05
629,2.18041e-05,-4.33802e-06,-4.33802e-06,1.93184e-05
630,2.21871e-05,-4.2624e-06,-4.2624e-06,1.98346e-05
631,2.1809e-05,-4.07866e-06,-4.07866e-06,1.93208e-05
632,2.20531e-05,-4.42582e-06,-4.42582e-06,1.93122e-05
633,2.21935e-05,-4.39049e-06,-4.39049e-06,1.94307e-05
634,2.19277e-05,-4.31912e-06,-4.31912e-06,1.9453e-05
635,2.2164e-05,-4.13864e-06,-4.13864e-06,1.92174e-05
636,2.21176e-05,-4.25826e-06,-4.25826e-06,1.94956e-05
637,2.18951e-05,-4.14966e-06,-4.14966e-06,1.93874e-05
638,2.20825e-05,-4.23194e-06,-4.23194e-06,1.94682e-05
639,2.21701e-05,-4.15494e-06,-4.15494e-06,1.94604e-05
640,2.19635e-05,-4.49789e-06,-4.49789e-06,1.91952e-05
641,2.19443e-05,-4.21399e-06,-4.21399e-06,1.97183e-05
642,2.21105e-05,-4.34791e-06,-4.34791e-06,1.95782e-05
643,2.23032e-05,-4.17508e-06,-4.17508e-06,1.93637e-05
644,2.19399e-05,-4.10988e-06,-4.10988e-06,1.92336e-05
645,2.24235e-05,-4.46656e-06,-4.46656e-06,1.94458e-05
646,2.21176e-05,-4.23417e-06,-4.23417e-06,1.92848e-05
647,2.23198e-05,-4.5274e-06,-4.5274e-06,1.94104e-05
648,2.22993e-05,-4.5515e-06,-4.5515e-06,1.94149e-05
649,2.2011e-05,-4.16319e-06,-4.16319e-06,1.92042e-05
650,2.23001e-05,-4.29299e-06,-4.29299e-06,1.93748e-05
651,2.19546e-05,-4.34688e-06,-4.34688e-06,1.91472e-05
652,2.19377e-05,-4.2439e-06,-4.2439e-06,1.89653e-05
653,2.22149e-05,-4.43786e-06,-4.43786e-06,1.9083e-05
654,2.22496e-05,-4.37119e-06,-4.37119e-06,1.91926e-05
655,2.1668e-05,-4.31171e-06,-4.31171e-06,1.92644e-05
656,2.21146e-05,-4.50837e-06,-4.50837e-06,1.92245e-05
657,2.18153e-05,-4.37184e-06,-4.37184e-06,1.93109e-05
658,2.21429e-05,-4.38808e-06,-4.38808e-06,1.93327e-05
659,2.21604e-05,-4.49886e-06,-4.49886e-06,1.91374e-05
660,2.19652e-05,-4.65835e-06,-4.65835e-06,1.91618e-05
661,2.2113e-05,-4.37561e-06,-4.37561e-06,1.93556e-05
662,2.19381e-05,-4.3378e-06,-4.3378e-06,1.91412e-05
663,2.17699e-05,-4.59206e-06,-4.59206e-06,1.93774e-05
664,2.2559e-05,-4.45788e-06,-4.45788e-06,1.89376e-05
665,2.18978e-05,-4.42245e-06,-4.42245e-06,1.92729e-05
666,2.17986e-05,-4.51198e-06,-4.51198e-06,1.94997e-05
667,2.20109e-05,-4.66002e-06,-4.66002e-06,1.91958e-05
668,2.22695e-05,-4.64162e-06,-4.64162e-06,1.91893e-05
669,2.20217e-05,-4.67655e-06,-4.67655e-06,1.89913e-05
670,2.17908e-05,-4.31754e-06,-4.31754e-06,1.88881e-05
671,2.22407e-05,-4.58006e-06,-4.58006e-06,1.93264e-05
672,2.17979e-05,-4.3042e-06,-4.3042e-06,1.91449e-05
673,2.16731e-05,-4.5567e-06,-4.5567e-06,1.93902e-05
674,2.20209e-05,-4.55334e-06,-4.55334e-06,1.93848e-05
675,2.25288e-05,-4.75464e-06,-4.75464e-06,1.94633e-05
676,2.18849e-05,-4.56883e-06,-4.56883e-06,1.88216e-05
677,2.15436e-05,-4.56729e-06,-4.56729e-06,1.88102e-05
678,2.19613e-05,-4.71428e-06,-4.71428e-06,1.92776e-05
679,2.15708e-05,-4.32745e-06,-4.32745e-06,1.87302e-05
680,2.22087e-05,-4.7159e-06,-4.7159e-06,1.90735e-05
681,2.22077e-05,-4.58669e-06,-4.58669e-06,1.91584e-05
682,2.18047e-05,-4.47127e-06,-4.47127e-06,1.93044e-05
683,2.17102e-05,-4.49573e-06,-4.49573e-06,1.89033e-05
684,2.18202e-05,-4.6469e-06,-4.6469e-06,1.90719e-05
685,2.19211e-05,-4.74938e-06,-4.74938e-06,1.91717e-05
686,2.20538e-05,-4.5842e-06,-4.5842e-06,1.92366e-05
687,2.2285e-05,-4.59987e-06,-4.59987e-06,1.90395e-05
688,2.21518e-05,-4.65865e-06,-4.65865e-06,1.8917e-05
689,2.19868e-05,-4.56113e-06,-4.56113e-06,1.9395e-05
690,2.18732e-05,-4.44527e-06,-4.44527e-06,1.8794e-05
691,2.19941e-05,-4.76368e-06,-4.76368e-06,1.91174e-05
692,2.20762e-05,-4.78257e-06,-4.78257e-06,1.89739e-05
693,2.17778e-05,-4.6055e-06,-4.6055e-06,1.89975e-05
694,2.19149e-05,-4.47774e-06,-4.47774e-06,1.87994e-05
695,2.17716e-05,-4.74262e-06,-4.74262e-06,1.87014e-05
696,2.21665e-05,-4.86439e-06,-4.86439e-06,1.88256e-05
697,2.1725e-05,-4.51863e-06,-4.51863e-06,1.92622e-05
698,2.19037e-05,-4.54172e-06,-4.54172e-06,1.88564e-05
699,2.22102e-05,-4.76907e-06,-4.76907e-06,1.87721e-05
700,2.1982e-05,-4.7791e-06,-4.7791e-06,1.8927e-05
701,2.16997e-05,-4.50379e-06,-4.50379e-06,1.87599e-05
702,2.18995e-05,-4.80232e-06,-4.80232e-06,1.89274e-05
703,2.21364e-05,-4.96222e-06,-4.96222e-06,1.89117e-05
704,2.21869e-05,-4.85448e-06,-4.85448e-06,1.89553e-05
705,2.16619e-05,-4.63939e-06,-4.63939e-06,1.91291e-05
706,2.21035e-05,-4.79873e-06,-4.79873e-06,1.90852e-05
707,2.1872e-05,-4.62058e-06,-4.62058e-06,1.89651e-05
708,2.1832e-05,-4.62187e-06,-4.62187e-06,1.87159e-05
709,2.21085e-05,-4.73561e-06,-4.73561e-06,1.87417e-05
710,2.18005e-05,-4.63131e-06,-4.63131e-06,1.87616e-05
711,2.17507e-05,-4.63897e-06,-4.63897e-06,1.87455e-05
712,2.24844e-05,-4.77583e-06,-4.77583e-06,1.84461e-05
713,2.18617e-05,-4.83205e-06,-4.83205e-06,1.89404e-05
714,2.20024e-05,-4.86011e-06,-4.86011e-06,1.86532e-05
715,2.18604e-05,-4.4849e-06,-4.4849e-06,1.90719e-05
716,2.21435e-05,-4.93323e-06,-4.93323e-06,1.87033e-05
717,2.22189e-05,-4.97532e-06,-4.97532e-06,1.91475e-05
718,2.20882e-05,-4.59773e-06,-4.59773e-06,1.89245e-05
719,2.13008e-05,-4.57757e-06,-4.57757e-06,1.87655e-05
720,2.19365e-05,-4.79565e-06,-4.79565e-06,1.89758e-05
721,2.19651e-05,-4.8322e-06,-4.8322e-06,1.87376e-05
722,2.18501e-05,-4.65912e-06,-4.65912e-06,1.85308e-05
723,2.17581e-05,-4.52318e-06,-4.52318e-06,1.86152e-05
724,2.19638e-05,-4.96469e-06,-4.96469e-06,1.87147e-05
725,2.18513e-05,-4.69774e-06,-4.69774e-06,1.84471e-05
726,2.20393e-05,-4.75289e-06,-4.75289e-06,1.86918e-05
727,2.18154e-05,-4.82972e-06,-4.82972e-06,1.87922e-05
728,2.20452e-05,-5.0781e-06,-5.0781e-06,1.88857e-05
729,2.19612e-05,-4.60257e-06,-4.60257e-06,1.86248e-05
730,2.20888e-05,-4.8929e-06,-4.8929e-06,1.89011e-05
731,2.19503e-05,-4.83572e-06,-4.83572e-06,1.87579e-05
732,2.17767e-05,-4.70323e-06,-4.70323e-06,1.86174e-05
733,2.16537e-05,-4.62207e-06,-4.62207e-06,1.91016e-05
734,2.16933e-05,-4.86566e-06,-4.86566e-06,1.89913e-05
735,2.22409e-05,-4.96998e-06,-4.96998e-06,1.83791e-05
736,2.18876e-05,-4.77114e-06,-4.77114e-06,1.8403e-05
737,2.20309e-05,-4.94082e-06,-4.94082e-06,1.87618e-05
738,2.16451e-05,-4.87975e-06,-4.87975e-06,1.83243e-05
739,2.16415e-05,-4.91893e-06,-4.91893e-06,1.91712e-05
740,2.21686e-05,-4.99181e-06,-4.99181e-06,1.86258e-05
741,2.15821e-05,-4.97303e-06,-4.97303e-06,1.85982e-05
742,2.22352e-05,-5.18903e-06,-5.18903e-06,1.88984e-05
743,2.2067e-05,-5.10769e-06,-5.10769e-06,1.87916e-05
744,2.18178e-05,-5.08356e-06,-5.08356e-06,1.86715e-05
745,2.15361e-05,-4.60531e-06,-4.60531e-06,1.88372e-05
746,2.21029e-05,-4.93401e-06,-4.93401e-06,1.88419e-05
747,2.22141e-05,-5.13293e-06,-5.13293e-06,1.8826e-05
748,2.18983e-05,-4.99066e-06,-4.99066e-06,1.86925e-05
749,2.17248e-05,-4.77998e-06,-4.77998e-06,1.86748e-05
750,2.16697e-05,-5.04778e-06,-5.04778e-06,1.85259e-05
751,2.17713e-05,-4.99804e-06,-4.99804e-06,1.85107e-05
752,2.18069e-05,-5.08971e-06,-5.08971e-06,1.84686e-05
753,2.21027e-05,-5.052e-06,-5.052e-06,1.90162e-05
754,2.17105e-05,-5.14806e-06,-5.14806e-06,1.84585e-05
755,2.14295e-05,-5.12511e-06,-5.12511e-06,1.86926e-05
756,2.18414e-05,-5.0677e-06,-5.0677e-06,1.8515e-05
757,2.15966e-05,-4.88781e-06,-4.88781e-06,1.85911e-05
758,2.16357e-05,-5.13421e-06,-5.13421e-06,1.84809e-05
759,2.19849e-05,-5.35834e-06,-5.35834e-06,1.90965e-05
760,2.16872e-05,-5.09175e-06,-5.09175e-06,1.86001e-05
761,2.18477e-05,-5.06938e-06,-5.06938e-06,1.85649e-05
762,2.19099e-05,-5.33598e-06,-5.33598e-06,1.83367e-05
763,2.18552e-05,-5.11547e-06,-5.11547e-06,1.84911e-05
764,2.17736e-05,-5.09146e-06,-5.09146e-06,1.85798e-05
765,2.15878e-05,-5.166e-06,-5.166e-06,1.86381e-05
766,2.24032e-05,-5.36948e-06,-5.36948e-06,1.86398e-05
767,2.18394e-05,-4.95413e-06,-4.95413e-06,1.83996e-05
768,2.21637e-05,-5.15107e-06,-5.15107e-06,1.87881e-05
769,2.19186e-05,-5.07355e-06,-5.07355e-06,1.83733e-05
770,2.18737e-05,-5.20673e-06,-5.20673e-06,1.8494e-05
771,2.18697e-05,-5.33222e-06,-5.33222e-06,1.86749e-05
772,2.14615e-05,-4.99919e-06,-4.99919e-06,1.8108e-05
773,2.18402e-05,-5.26889e-06,-5.26889e-06,1.865e-05
774,2.21326e-05,-5.32133e-06,-5.32133e-06,1.8721e-05
775,2.15831e-05,-5.12479e-06,-5.12479e-06,1.85715e-05
776,2.22435e-05,-5.42681e-06,-5.42681e-06,1.85059e-05
777,2.16302e-05,-5.29196e-06,-5.29196e-06,1.84739e-05
778,2.16279e-05,-5.203e-06,-5.203e-06,1.84604e-05
779,2.17199e-05,-5.04378e-06,-5.04378e-06,1.85663e-05
780,2.19047e-05,-5.36652e-06,-5.36652e-06,1.84104e-05
781,2.16645e-05,-5.25306e-06,-5.25306e-06,1.86346e-05
782,2.19709e-05,-5.16768e-06,-5.16768e-06,1.83582e-05
783,2.17601e-05,-5.1695e-06,-5.1695e-06,1.84853e-05
784,2.19154e-05,-5.08818e-06,-5.08818e-06,1.83384e-05
785,2.22041e-05,-5.25514e-06,-5.25514e-06,1.86319e-05
786,2.20954e-05,-5.49105e-06,-5.49105e-06,1.87098e-05
787,2.1815e-05,-5.22448e-06,-5.22448e-06,1.85592e-05
788,2.1984e-05,-5.29125e-06,-5.29125e-06,1.87873e-05
789,2.18349e-05,-5.38171e-06,-5.38171e-06,1.84309e-05
790,2.157e-05,-5.23602e-06,-5.23602e-06,1.84706e-05
791,2.18636e-05,-5.25186e-06,-5.25186e-06,1.84074e-05
792,2.19941e-05,-5.48462e-06,-5.48462e-06,1.85677e-05
793,2.15953e-05,-4.86772e-06,-4.86772e-06,1.81962e-05
794,2.15653e-05,-5.09634e-06,-5.09634e-06,1.83614e-05
795,2.20729e-05,-5.17872e-06,-5.17872e-06,1.82948e-05
796,2.16105e-05,-5.18167e-06,-5.18167e-06,1.86783e-05
797,2.16049e-05,-5.26904e-06,-5.26904e-06,1.87589e-05
798,2.13569e-05,-5.13307e-06,-5.13307e-06,1.84738e-05
799,2.15204e-05,-5.49534e-06,-5.49534e-06,1.8416e-05
800,2.15929e-05,-5.46764e-06,-5.46764e-06,1.83385e-05
801,2.15976e-05,-5.56869e-06,-5.56869e-06,1.81887e-05
802,2.19602e-05,-5.41535e-06,-5.41535e-06,1.86081e-05
803,2.20243e-05,-5.20947e-06,-5.20947e-06,1.8226e-05
804,2.19925e-05,-5.41679e-06,-5.41679e-06,1.8172e-05
805,2.17416e-05,-5.24862e-06,-5.24862e-06,1.8297e-05
806,2.17115e-05,-5.02332e-06,-5.02332e-06,1.7994e-05
807,2.19346e-05,-5.41895e-06,-5.41895e-06,1.82173e-05
808,2.17956e-05,-5.60667e-06,-5.60667e-06,1.85005e-05
809,2.15217e-05,-5.2528e-06,-5.2528e-06,1.81551e-05
810,2.18653e-05,-5.15714e-06,-5.15714e-06,1.82765e-05
811,2.18843e-05,-5.4851e-06,-5.4851e-06,1.82972e-05
812,2.1783e-05,-5.36129e-06,-5.36129e-06,1.82576e-05
813,2.15733e-05,-5.39545e-06,-5.39545e-06,1.82769e-05
814,2.18836e-05,-5.58311e-06,-5.58311e-06,1.84642e-05
815,2.20567e-05,-5.3775e-06,-5.3775e-06,1.84548e-05
816,2.14092e-05,-5.2704e-06,-5.2704e-06,1.81677e-05
817,2.13128e-05,-5.14818e-06,-5.14818e-06,1.79273e-05
818,2.20408e-05,-5.5638e-06,-5.5638e-06,1.82742e-05
819,2.17815e-05,-5.57021e-06,-5.57021e-06,1.84506e-05
820,2.16694e-05,-5.41353e-06,-5.41353e-06,1.83865e-05
821,2.20473e-05,-5.52664e-06,-5.52664e-06,1.83911e-05
822,2.15389e-05,-5.21372e-06,-5.21372e-06,1.83902e-05
823,2.18928e-05,-5.59221e-06,-5.59221e-06,1.82017e-05
824,2.18954e-05,-5.56793e-06,-5.56793e-06,1.83186e-05
825,2.16902e-05,-5.37841e-06,-5.37841e-06,1.83607e-05
826,2.16012e-05,-5.37173e-06,-5.37173e-06,1.81833e-05
827,2.20818e-05,-5.52624e-06,-5.52624e-06,1.81983e-05
828,2.14537e-05,-5.36765e-06,-5.36765e-06,1.80322e-05
829,2.14518e-05,-5.38157e-06,-5.38157e-06,1.8317e-05
830,2.18788e-05,-5.67727e-06,-5.67727e-06,1.8358e-05
831,2.17464e-05,-5.68669e-06,-5.68669e-06,1.83385e-05
832,2.14464e-05,-5.31626e-06,-5.31626e-06,1.83406e-05
833,2.19367e-05,-5.67245e-06,-5.67245e-06,1.81234e-05
834,2.14176e-05,-5.50495e-06,-5.50495e-06,1.81723e-05
835,2.17428e-05,-5.43623e-06,-5.43623e-06,1.79338e-05
836,2.16929e-05,-5.2965e-06,-5.2965e-06,1.79648e-05
837,2.21107e-05,-5.58361e-06,-5.58361e-06,1.80028e-05
838,2.18826e-05,-5.51316e-06,-5.51316e-06,1.80174e-05
839,2.15458e-05,-5.53998e-06,-5.53998e-06,1.78172e-05
840,2.13956e-05,-5.35849e-06,-5.35849e-06,1.83702e-05
841,2.15859e-05,-5.40716e-06,-5.40716e-06,1.82971e-05
842,2.19384e-05,-5.30637e-06,-5.30637e-06,1.80464e-05
843,2.17306e-05,-5.59133e-06,-5.59133e-06,1.81999e-05
844,2.16795e-05,-5.4708e-06,-5.4708e-06,1.7809e-05
845,2.17436e-05,-5.34239e-06,-5.34239e-06,1.84107e-05
846,2.18588e-05,-5.74747e-06,-5.74747e-06,1.79873e-05
847,2.16553e-05,-5.65491e-06,-5.65491e-06,1.8338e-05
848,2.14614e-05,-5.28285e-06,-5.28285e-06,1.81423e-05
849,2.20294e-05,-5.60326e-06,-5.60326e-06,1.83055e-05
850,2.16539e-05,-5.47741e-06,-5.47741e-06,1.7939e-05
851,2.18946e-05,-5.76591e-06,-5.76591e-06,1.85899e-05
852,2.17332e-05,-5.49447e-06,-5.49447e-06,1.78961e-05
853,2.18213e-05,-5.47125e-06,-5.47125e-06,1.79861e-05
854,2.13748e-05,-5.35784e-06,-5.35784e-06,1.78121e-05
855,2.17979e-05,-5.72287e-06,-5.72287e-06,1.84261e-05
856,2.16354e-05,-5.68284e-06,-5.68284e-06,1.78551e-05
857,2.17159e-05,-5.77308e-06,-5.77308e-06,1.82276e-05
858,2.1719e-05,-5.64215e-06,-5.64215e-06,1.8024e-05
859,2.15305e-05,-5.34801e-06,-5.34801e-06,1.80617e-05
860,2.19171e-05,-5.57786e-06,-5.57786e-06,1.78487e-05
861,2.15805e-05,-5.69869e-06,-5.69869e-06,1.78973e-05
862,2.15085e-05,-5.58799e-06,-5.58799e-06,1.79046e-05
863,2.17274e-05,-5.91261e-06,-5.91261e-06,1.80283e-05
864,2.17944e-05,-5.40031e-06,-5.40031e-06,1.80246e-05
865,2.16647e-05,-5.78273e-06,-5.78273e-06,1.81831e-05
866,2.19734e-05,-5.65613e-06,-5.65613e-06,1.77117e-05
867,2.16942e-05,-5.59921e-06,-5.59921e-06,1.79661e-05
868,2.14974e-05,-5.76647e-06,-5.76647e-06,1.80921e-05
869,2.16309e-05,-5.61183e-06,-5.61183e-06,1.81995e-05
870,2.15617e-05,-5.58153e-06,-5.58153e-06,1.80921e-05
871,2.14956e-05,-5.56916e-06,-5.56916e-06,1.83475e-05
872,2.13812e-05,-5.4473e-06,-5.4473e-06,1.80409e-05
873,2.15765e-05,-5.49767e-06,-5.49767e-06,1.80046e-05
874,2.13874e-05,-5.72676e-06,-5.72676e-06,1.83557e-05
875,2.12126e-05,-5.57007e-06,-5.57007e-06,1.81635e-05
876,2.19414e-05,-5.73902e-06,-5.73902e-06,1.81183e-05
877,2.15766e-05,-5.6774e-06,-5.6774e-06,1.78246e-05
878,2.18193e-05,-5.61999e-06,-5.61999e-06,1.81516e-05
879,2.17663e-05,-5.62107e-06,-5.62107e-06,1.80167e-05
880,2.17894e-05,-5.78952e-06,-5.78952e-06,1.80632e-05
881,2.17415e-05,-5.97997e-06,-5.97997e-06,1.79829e-05
882,2.21693e-05,-5.75795e-06,-5.75795e-06,1.76747e-05
883,2.14761e-05,-5.75763e-06,-5.75763e-06,1.81306e-05
884,2.18271e-05,-6.28755e-06,-6.28755e-06,1.82927e-05
885,2.12165e-05,-5.59499e-06,-5.59499e-06,1.80296e-05
886,2.18165e-05,-5.85341e-06,-5.85341e-06,1.80036e-05
887,2.15694e-05,-5.61327e-06,-5.61327e-06,1.79007e-05
888,2.17419e-05,-5.4848e-06,-5.4848e-06,1.78378e-05
889,2.17136e-05,-5.76044e-06,-5.76044e-06,1.78745e-05
890,2.14045e-05,-5.72392e-06,-5.72392e-06,1.80168e-05
891,2.19098e-05,-5.90265e-06,-5.90265e-06,1.81081e-05
892,2.12823e-05,-5.66387e-06,-5.66387e-06,1.81046e-05
893,2.13313e-05,-5.73226e-06,-5.73226e-06,1.79425e-05
894,2.1687e-05,-5.63704e-06,-5.63704e-06,1.80622e-05
895,2.18442e-05,-5.759e-06,-5.759e-06,1.79996e-05
896,2.17062e-05,-5.58737e-06,-5.58737e-06,1.79541e-05
897,2.12654e-05,-5.70056e-06,-5.70056e-06,1.80024e-05
898,2.14659e-05,-5.89077e-06,-5.89077e-06,1.81194e-05
899,2.17508e-05,-5.83453e-06,-5.83453e-06,1.79153e-05
900,2.14354e-05,-5.47649e-06,-5.47649e-06,1.78546e-05
901,2.15306e-05,-5.74506e-06,-5.74506e-06,1.80359e-05
902,2.16851e-05,-5.77971e-06,-5.77971e-06,1.79016e-05
903,2.1603e-05,-5.75693e-06,-5.75693e-06,1.79013e-05
904,2.17084e-05,-5.78882e-06,-5.78882e-06,1.81141e-05
905,2.11748e-05,-5.61369e-06,-5.61369e-06,1.75018e-05
906,2.19237e-05,-5.90724e-06,-5.90724e-06,1.76222e-05
907,2.18861e-05,-6.19477e-06,-6.19477e-06,1.79899e-05
908,2.15889e-05,-5.59167e-06,-5.59167e-06,1.76561e-05
909,2.13627e-05,-5.74803e-06,-5.74803e-06,1.78397e-05
910,2.1852e-05,-5.96376e-06,-5.96376e-06,1.79557e-05
911,2.15082e-05,-5.92697e-06,-5.92697e-06,1.81077e-05
912,2.1342e-05,-5.66908e-06,-5.66908e-06,1.79688e-05
913,2.18123e-05,-5.93604e-06,-5.93604e-06,1.77285e-05
914,2.16986e-05,-6.09152e-06,-6.09152e-06,1.80957e-05
915,2.18079e-05,-6.20873e-06,-6.20873e-06,1.83456e-05
916,2.15025e-05,-6.04777e-06,-6.04777e-06,1.75102e-05
917,2.1582e-05,-5.76426e-06,-5.76426e-06,1.7938e-05
918,2.14657e-05,-5.89569e-06,-5.89569e-06,1.75694e-05
919,2.15632e-05,-6.04971e-06,-6.04971e-06,1.75685e-05
920,2.14086e-05,-5.81341e-06,-5.81341e-06,1.78266e-05
921,2.16738e-05,-5.72536e-06,-5.72536e-06,1.79774e-05
922,2.17416e-05,-6.03358e-06,-6.03358e-06,1.79483e-05
923,2.17328e-05,-5.83997e-06,-5.83997e-06,1.79492e-05
924,2.10159e-05,-5.88367e-06,-5.88367e-06,1.81404e-05
925,2.15667e-05,-5.9964e-06,-5.9964e-06,1.79154e-05
926,2.14931e-05,-5.93078e-06,-5.93078e-06,1.76324e-05
927,2.19484e-05,-6.01686e-06,-6.01686e-06,1.79572e-05
928,2.18677e-05,-6.05628e-06,-6.05628e-06,1.78478e-05
929,2.18852e-05,-6.03654e-06,-6.03654e-06,1.77547e-05
930,2.17347e-05,-5.99135e-06,-5.99135e-06,1.77173e-05
931,2.17775e-05,-5.76706e-06,-5.76706e-06,1.77705e-05
932,2.14873e-05,-5.61962e-06,-5.61962e-06,1.75248e-05
933,2.17174e-05,-5.88184e-06,-5.88184e-06,1.78414e-05
934,2.14169e-05,-5.99271e-06,-5.99271e-06,1.75514e-05
935,2.18895e-05,-6.24651e-06,-6.24651e-06,1.78721e-05
936,2.1631e-05,-6.20356e-06,-6.20356e-06,1.79125e-05
937,2.16947e-05,-6.00771e-06,-6.00771e-06,1.7566e-05
938,2.14949e-05,-6.03834e-06,-6.03834e-06,1.78518e-05
939,2.16876e-05,-6.04279e-06,-6.04279e-06,1.7711e-05
940,2.14802e-05,-5.99834e-06,-5.99834e-06,1.78134e-05
941,2.1904e-05,-6.31735e-06,-6.31735e-06,1.79536e-05
942,2.17606e-05,-6.33438e-06,-6.33438e-06,1.7853e-05
943,2.14431e-05,-5.96673e-06,-5.96673e-06,1.79591e-05
944,2.16975e-05,-6.0573e-06,-6.0573e-06,1.75574e-05
945,2.16763e-05,-6.18143e-06,-6.18143e-06,1.77927e-05
946,2.15507e-05,-5.91599e-06,-5.91599e-06,1.78751e-05
947,2.18022e-05,-6.04048e-06,-6.04048e-06,1.79505e-05
948,2.1491e-05,-6.0244e-06,-6.0244e-06,1.78277e-05
949,2.13707e-05,-6.01188e-06,-6.01188e-06,1.76811e-05
950,2.14133e-05,-5.96411e-06,-5.96411e-06,1.75312e-05
951,2.13928e-05,-5.973e-06,-5.973e-06,1.76588e-05
952,2.16873e-05,-6.22015e-06,-6.22015e-06,1.7938e-05
953,2.13756e-05,-5.82762e-06,-5.82762e-06,1.78491e-05
954,2.17198e-05,-6.07925e-06,-6.07925e-06,1.75449e-05
955,2.18405e-05,-6.23674e-06,-6.23674e-06,1.77937e-05
956,2.17489e-05,-6.14772e-06,-6.14772e-06,1.78579e-05
957,2.1672e-05,-6.10575e-06,-6.10575e-06,1.76181e-05
958,2.14166e-05,-6.03332e-06,-6.03332e-06,1.79001e-05
959,2.15069e-05,-6.17019e-06,-6.17019e-06,1.78695e-05
960,2.14016e-05,-5.94766e-06,-5.94766e-06,1.76863e-05
961,2.17616e-05,-6.26628e-06,-6.26628e-06,1.78445e-05
962,2.15718e-05,-6.10187e-06,-6.10187e-06,1.75494e-05
963,2.1344e-05,-5.95694e-06,-5.95694e-06,1.77171e-05
964,2.16012e-05,-5.97257e-06,-5.97257e-06,1.7572e-05
965,2.15956e-05,-5.93334e-06,-5.93334e-06,1.76316e-05
966,2.14709e-05,-6.21172e-06,-6.21172e-06,1.78141e-05
967,2.19493e-05,-6.14798e-06,-6.14798e-06,1.76359e-05
968,2.14389e-05,-5.94013e-06,-5.94013e-06,1.75895e-05
969,2.15949e-05,-5.97874e-06,-5.97874e-06,1.77183e-05
970,2.17687e-05,-6.20315e-06,-6.20315e-06,1.76706e-05
971,2.12499e-05,-5.91257e-06,-5.91257e-06,1.73861e-05
972,2.17653e-05,-6.26571e-06,-6.26571e-06,1.79196e-05
973,2.14552e-05,-6.27378e-06,-6.27378e-06,1.76045e-05
974,2.12832e-05,-5.99339e-06,-5.99339e-06,1.75879e-05
975,2.15425e-05,-6.01506e-06,-6.01506e-06,1.74973e-05
976,2.13937e-05,-6.31201e-06,-6.31201e-06,1.79011e-05
977,2.16273e-05,-6.08928e-06,-6.08928e-06,1.79997e-05
978,2.17617e-05,-6.01407e-06,-6.01407e-06,1.75112e-05
979,2.15878e-05,-6.19815e-06,-6.19815e-06,1.79261e-05
980,2.15775e-05,-6.08395e-06,-6.08395e-06,1.76296e-05
981,2.14059e-05,-6.25479e-06,-6.25479e-06,1.76704e-05
982,2.13901e-05,-5.82577e-06,-5.82577e-06,1.7498e-05
983,2.12059e-05,-6.20901e-06,-6.20901e-06,1.78736e-05
984,2.13776e-05,-6.08213e-06,-6.08213e-06,1.77977e-05
985,2.15534e-05,-6.16476e-06,-6.16476e-06,1.77826e-05
986,2.16681e-05,-6.31254e-06,-6.31254e-06,1.73736e-05
987,2.16276e-05,-5.94521e-06,-5.94521e-06,1.73509e-05
988,2.18508e-05,-6.09034e-06,-6.09034e-06,1.75539e-05
989,2.13063e-05,-6.13111e-06,-6.13111e-06,1.7702e-05
990,2.18808e-05,-6.42669e-06,-6.42669e-06,1.76222e-05
991,2.13091e-05,-6.16416e-06,-6.16416e-06,1.75839e-05
992,2.17802e-05,-6.56731e-06,-6.56731e-06,1.77445e-05
993,2.16996e-05,-6.43238e-06,-6.43238e-06,1.76105e-05
994,2.15764e-05,-6.52724e-06,-6.52724e-06,1.79646e-05
995,2.17079e-05,-6.20504e-06,-6.20504e-06,1.73443e-05
996,2.14134e-05,-6.22459e-06,-6.22459e-06,1.76047e-05
997,2.16423e-05,-6.33138e-06,-6.33138e-06,1.74316e-05
998,2.16415e-05,-6.371e-06,-6.371e-06,1.73027e-05
999,2.15127e-05,-6.20482e-06,-6.20482e-06,1.75896e-05
1000,2.16383e-05,-6.20662e-06,-6.20662e-06,1.76167e-05
